{
  "dependencies": {
    "grafanaDependency": "\u003e=4.6.5",
    "grafanaVersion": "4.6.5",
    "plugins": []
  },
  "id": "grafana-piechart-panel",
  "info": {
    "author": {
      "name": "Grafana Labs",
      "url": "http://grafana.com"
    },
    "build": {
      "time": 1667561513884,
      "repo": "https://github.com/grafana/piechart-panel",
      "branch": "master",
      "hash": "4eff3329acac076f56b19375ac52fa8228ddbbba",
      "build": 15
    },
    "description": "Pie chart panel for grafana",
    "keywords": [
      "piechart",
      "panel"
    ],
    "links": [
      {
        "name": "Project site",
        "url": "https://github.com/grafana/piechart-panel"
      },
      {
        "name": "Blog Post",
        "url": "https://blog.raintank.io/friends-dont-let-friends-abuse-pie-charts/"
      },
      {
        "name": "MIT License",
        "url": "https://github.com/grafana/piechart-panel/blob/master/LICENSE"
      }
    ],
    "logos": {
      "large": "img/piechart_logo_large.svg",
      "small": "img/piechart_logo_small.svg"
    },
    "screenshots": [
      {
        "name": "Donut!",
        "path": "img/piechart-donut.png"
      },
      {
        "name": "Legend on the graph",
        "path": "img/piechart-legend-on-graph.png"
      },
      {
        "name": "Legend to the right",
        "path": "img/piechart-legend-rhs.png"
      },
      {
        "name": "Legend underneath",
        "path": "img/piechart-legend-under.png"
      },
      {
        "name": "Piechart options",
        "path": "img/piechart-options.png"
      }
    ],
    "updated": "2022-11-04",
    "version": "1.6.4"
  },
  "name": "Pie Chart",
  "type": "panel"
}